Feature,Importance
num__balanceDiffOrig,0.33084766659224174
num__oldbalanceOrg,0.16899819516311776
num__newbalanceOrig,0.12080109349437698
num__amount,0.10423340948887781
num__balanceDiffDest,0.08169562331566167
cat__type_TRANSFER,0.06227461313123905
cat__type_PAYMENT,0.04686236589638377
num__newbalanceDest,0.034633509624489967
cat__type_CASH_OUT,0.025786579656683385
num__oldbalanceDest,0.02355485757317336
cat__type_DEBIT,0.0003120860637544744
